AFG,climate change,million year,capacity resilience,ghg emission,10 785,785 billion,afghanistan national,assumes ghg,change afghanistan,emissions afghanistan,forest rangelands,republic afghanistan,global environmental,maintaining low,needs usd,100 million,eq gg,islamic republic,adaptive capacity,emissions peak
AGO,scale hydropower,000 000,large scale,power plant,solar power,biomass wasteforest,total project,project cost,gef agency,project activity,climate change,cost million,implementing gef,30 biomass,wind power,agriculture food,government angola,wasteforest 95,tons co2e,angola 2025
ALB,non co2,gas emissions,co2 greenhouse,greenhouse gas,albania developing,albania intends,albania reserves,communication albania,community treaty,emissions albania,indc albania,high uncertainty,decision cp,energy community,following decision,technical conditions,greenhouse gases,19 decision,modelling work,baseline scenario
AND,andorra biennial,biennial report,report united,change 2014,unabsorbed emissions,contributions cpdn,co2 eq,1850 1900,government andorra,climate change,nations framework,united nations,framework convention,convention climate,planned contributions,430 480,based andorra,cpdn andorra,included annex,approval government
ARE,economic diversification,intensive industries,abu dhabi,uae undertaking,arab emirates,paragraph article,united arab,efficiency standards,energy intensive,emirate abu,industries oil,uae developed,uae established,uae set,vision 2021,energy water,world class,clean energy,blue carbon,12 paragraph
ARG,ngos associations,public agencies,paris agreement,national public,del fuego,tierra del,emissions gap,conditional measures,acdi proadapt,associations avina,avina acdi,buenos aires,del estero,entre ríos,santiago del,gap report,million tco2eq,climate change,agro industry,argentina reviewed
ARM,republic armenia,tons capita,climate change,189 tons,633 million,armenia ratified,armenia stated,emissions limitation,emissions limiting,generations use,limiting volume,quantitative contribution,volume ghg,volume total,billion people,ecosystem approach,organic carbon,ghg emissions,based principle,open transparent
ATG,antigua barbuda,caribsave partnership,mitigation targets,barbuda indc,partnership 2012,profile antigua,water sector,risk profile,seawater desalination,change risk,act 2015,grid renewable,climate change,adaptation targets,climate impacts,analysis antigua,emergency services,partnership 2015,protected carbon,essential services
AUS,australia target,australia intended,australia intends,australian government,cent 2005,2005 levels,28 cent,emissions reductions,achieving australia,agreement differ,agreement rules,apply ipcc,approach australia,arrangements agreement,australia 2030,australia reserves,differ way,finalised new,impacts definition,intends apply
AZE,occupied territories,republic azerbaijan,thousand hectares,co2 equivalent,oil gas,gg co2,20 territory,azerbaijan believes,country azerbaijan,damage environment,enhancement use,equivalent excluding,gas processing,million refugees,territory azerbaijan,use alternative,climate change,equivalent including,heat energy,occupation 20
BDI,climate change,conditional objective,key measure,unconditional objective,sector burundi,hydroelectric power,vision 2025,acces climate,adaptation soil,burundi vision,burundian economy,improved ovens,indc burundi,sanitation environment,sectoral group,relating climate,change 2012,conservation project,group water,strategy action
BEN,mt co2,climate change,000 ha,implementation cdn,2021 2030,2017 2021,status quo,niger basin,strategies programs,conditional contribution,phase implementation,preparatory phase,programs projects,ha year,hydro agricultural,cooking equipment,action program,improved farming,2016 2021,farming techniques
BFA,burkina faso,000 000,500 000,000 ha,improved cook,climate change,animal husbandry,implementation costs,cook stoves,600 000,housing urban,000 regions,ha cumul,unconditional scenario,2030 horizon,adaptation scenario,800 000,conditional scenario,cook stove,boucle du
BGD,bangladesh climate,gov bd,power transport,climate change,indc implementation,transport industry,industry sectors,http www,efficiency conservation,set table,ghg emissions,project list,sectors bangladesh,mitigation actions,set section,2011 2030,future ghg,2030 mtco2e,bangladesh energy,based bangladesh
BHR,kingdom bahrain,ministry works,action mitigation,bahrain able,bahrain does,carbon recovery,does understanding,present kingdom,sink planning,works municipalities,engage international,initiative project,planning engage,transportation communications,civil aviation,international union,ministry transportation,union conservation,mitigation benefits,urban planning
BHS,climate change,potable water,sea level,mean sea,change bahamas,commonwealth bahamas,government bahamas,critical infrastructure,forestry act,shore marine,reverse osmosis,based economy,bahamas committed,bahamas indc,bahamas initial,bahamas provide,bahamas second,bahamas undertaken,effects associated,entire archipelago
BIH,1990 levels,bosnia herzegovina,district heating,generation capacity,brčko district,mw 2030,scenario does,baseline scenario,development financial,power generation,year 1990,mitigation scenario,entities brčko,federation bosnia,ggco2e lucf,mw total,provided condition,reduction possible,scenario power,snc fbur
BLR,republic belarus,ministers republic,gas emissions,greenhouse gas,resolution council,council ministers,carbon intensity,000 ha,commitments republic,thousand tons,climate change,approved resolution,implementation best,co2 eq,available technologies,best available,sector specific,reduction greenhouse,tons co2,emissions base
BLZ,climate change,cumulative reduction,areas belize,expected cumulative,government belize,planned activities,approximately usd,growth sustainable,overall goal,action plan,coastal marine,estimated cost,strategy action,change belize,cost following,following planned,implementation belize,sector belize,national climate,solid waste
BOL,environmental functions,holistic development,mother earth,climate crisis,community management,plurinational state,state bolivia,historical responsibility,million hectares,climate change,climate justice,following results,hectares 2030,ecological footprint,management forests,forests agricultural,extreme poverty,actions promoted,bolivia considers,bolivia developed
BRA,100 ipcc,ipcc ar5,gwp 100,brazil indc,gtp 100,accessed september,gov br,levels gtco2e,tco2e gwp,climate change,cambridge united,eds cambridge,government brazil,gtco2e gwp,kingdom new,ny usa,press cambridge,qin plattner,stocker qin,york ny
BRB,climate change,barbados national,ghg emissions,barbados sustainable,emissions barbados,sids barbados,energy efficiency,sustainable energy,http www,reduce ghg,economy wide,green economy,17th september,2008 chosen,2008 levels,assumed remain,barbadian economy,barbados committed,barbados experiencing,barbados taking
BRN,brunei darussalam,government brunei,department prime,energy department,minister office,land transport,white paper,prime minister,mt co2eq,transport white,building guidelines,heart borneo,climate change,efficiency conservation,total power,borneo initiative,brunei 2035,darussalam continue,wawasan brunei,ghg emissions
BTN,kingdom bhutan,tons co2e,carbon neutral,million tons,remain carbon,climate change,economic development,commitment remain,communication bhutan,development bhutan,technologies approaches,hydropower projects,fragile mountainous,monitoring assessment,national forest,tons co2,climate resilient,promote climate,estimated million,intended actions
BWA,climate change,botswana developing,botswana vulnerable,conducive legal,government botswana,taking 2010,target estimated,ghgs emissions,emissions reduction,achieve overall,based baseline,carbon strategy,2030 taking,estimated based,inventory ghgs,15 2030,term low,year emission,reduction 15,communication united
CAF,african republic,central african,000 000,eq co2,kt eq,500 000,animal husbandry,adaptation option,energy ip,000 national,000 500,processes use,use solvents,climate change,management programme,emissions central,hydroelectric development,integration project,programme central,sustainable management
CAN,canadian framework,pan canadian,government canada,clean growth,provincial territorial,clean technology,pricing carbon,provinces territories,carbon pricing,growth climate,enable canada,framework clean,2030 target,emissions reductions,carbon pollution,climate change,paris agreement,175 mt,canada committed,canada recognizes
CHE,forest land,switzerland supports,non forest,gas emissions,carbon credits,switzerland indc,switzerland intends,greenhouse gas,fairness considerations,1990 levels,percent 2030,capita emissions,50 percent,use carbon,information switzerland,note switzerland,switzerland commitment,switzerland emission,abatement costs,compared 1990
CHL,climate change,context chile,intensity target,inventory 1990,maps chile,lulucf sector,clp 2011,gob cl,http portal,law 20,mma gob,portal mma,gas inventory,carbon intensity,1990 2010,greenhouse gas,national greenhouse,october 2014,chile october,cross sectional
CHN,low carbon,climate change,agreement shall,countries shall,shall accordance,2015 agreement,enhanced actions,emission trading,developing countries,carbon development,carbon emission,shall stipulate,accordance provisions,green low,provisions convention,developed countries,dioxide emissions,change china,shall strengthened,times 2005
CIV,côte ivoire,billion fcfa,decrease pressure,including decrease,social conflicts,reduction social,levels including,job streams,pressure natural,reduction ghg,life reduction,new qualified,qualified job,emission levels,development new,earnings gains,ecosystem services,maintaining ecosystem,productivity gains,quality life
CMR,climate change,medium rest,rest country,high medium,vulnerability globally,zones high,agro ecological,baseline scenario,cameroon intends,change cameroon,electric bouquet,mtco equ,strategic axis,strong strong,strong zones,renewable energies,low carbon,emissions 2035,ecological zones,indc scenario
COD,climate change,medd 2015,republic congo,democratic republic,napa asa,pana asa,sector usd,government action,rate access,coastal zone,change napa,adaptation program,human development,00 million,082 billion,2010 medd,2020 ongoing,asa project,bukama station,drc contribution
COG,republic congo,trend scenario,carbon scenario,2015 2025,good governance,climate change,low carbon,trend development,2025 2035,carbon conditional,grinding wheels,pointe noire,products especially,emissions excluding,14 billion,food needs,self sufficiency,billion cfa,international community,ghg emissions
COK,cook islands,islands confident,external support,national vision,contributes 00012,million sq,diesel based,sq km,global emission,include inter,conditional external,based renewable,special circumstances,strengthen resilience,2011 2015,total global,renewable electricity,sub sector,ghg emission,global ghg
COL,climate change,mton co2eq,2010 2011,include climate,colombia developing,private entities,ton co2eq,co2eq capita,planning instruments,ambitious equitable,la niña,update report,challenges country,mitigation adaptation,biennial update,country faces,2010 includes,224 mton,analyses performed,approach employed
COM,union comoros,climate change,reference scenario,ghg reductions,2020horizon 2025horizon,2025horizon 2030,84 2030,agroforestry arboriculture,country benefits,horizon 2020horizon,pursue goal,sink participate,table ghg,tco2eq horizon,mitigation measures,participate global,200 ha,contribution greenhouse,goal carbon,implementation cpdn
CPV,cabo verde,base scenario,penetration rate,overall energy,support cabo,water sanitation,seek develop,verde seeks,energy demand,proposed measures,seek promote,demand 2030,master plans,energy efficiency,makes unconditional,planos diretores,plans planos,sanitation master,table cabo,verde makes
CRI,costa rica,climate change,national contribution,environmental services,environment energy,net emissions,low emission,climate actions,domestic carbon,ministerial council,rica national,based adaptation,adaptation goals,inter sectorial,change department,change policies,inter ministerial,emission reduction,environmental information,low emissions
CUB,cuban archipelago,economic social,climate change,mean sea,rational use,developing countries,social policy,scientific technological,guidelines economic,party revolution,policy party,republic cuba,rise mean,triumph revolution,sea level,protection environment,council ministers,use natural,sustainable development,coastal vulnerability
DJI,republic djibouti,kt co2e,climate change,project financed,funding project,djibouti city,djibouti estimated,usual scenario,desalination plant,ali sabieh,financed private,funding european,onshore wind,drinking water,co2e year,estimated reduction,project objective,agro pastoral,mitigation measures,mt co2e
DMA,climate change,dominica low,government dominica,program timing,geothermal resources,carbon climate,forecasted emission,climate resilient,change environment,change risks,environment development,2025 forecasted,vulnerable communities,change financing,cost estimate,increase extreme,tropical storm,resilient development,change risk,change dominica
DOM,dominican republic,competitively inserted,events cause,inserted global,napa dr,2005 dollars,million 2005,republic intended,transformation society,2010 2030,hydro meteorological,gender perspective,terms emissions,global economy,meteorological events,period 2010,tropical storms,public policy,losses damages,climate change
DZA,climate change,provisional contribution,climate plan,climate committee,national climate,algeria indc,circumstances algeria,contribution algeria,measures algeria,social council,charge environment,minister charge,natural gas,2021 2030,main actions,gas flaring,2015 chairmanship,24th 2015,27 electricity,3rd 2015
ECU,climate change,good living,hydroelectric plants,abbreviation spanish,ecuador implemented,ecuador recognizes,rights nature,climático en,energy matrix,cambio climático,2015 2018,manage water,protected areas,change plan,electric generation,national climate,2013 2017,additionally ecuador,américa latina,andean region
EGY,climate change,efficiency improvements,pass transport,local context,locally appropriate,2014 2015,coastal zones,fy 2014,nile basin,negative impacts,transport increase,job opportunities,economic situation,change associated,energy efficiency,growth rate,carbon energy,increase share,increase efficiency,abdel fattah
ERI,climate change,state eritrea,table eritrea,mitigation adaption,recurrent droughts,sea water,10 efficient,eritrea intends,fuel co2,gases emission,mtco2 2020,government state,policy 2007,adaption measures,gacmo model,needs mitigation,water temperature,increase sea,resources development,000 ha
ETH,mt co2e,resilient green,climate change,economy strategy,green economy,ethiopia intends,federal democratic,republic ethiopia,democratic republic,strategy crge,co2e total,145 mt,component eindc,emissions totalling,ethiopia indc,implementation ethiopia,status 2025,totalling mt,electric power,economy adverse
EU28,member states,eu member,indc eu,compared 1990,2015 manner,40 domestic,529 2013,contribution eu,decision 529,domestic reduction,emissions eu,european council,parties eu,tonnes co2,land use,european commission,states parties,climate energy,2050 compared,co2 eq
FJI,term years,climate change,growth framework,bound indicators,challenges proposed,proposed way,time bound,short term,key challenges,change disaster,way forward,green growth,large scale,co2 emissions,sector co2,building resilience,reduction target,medium term,energy se4all,10 achieved
FSM,000 tco2e,year 2000,federated states,kwh sectoral,states micronesia,emissions year,data calculated,fsm commits,fsm does,fsm indc,indc fsm,micronesia intended,sales data,sectoral sales,tco2e approximately,total co2e,35 emissions,indc expected,needs post,reductions expected
GAB,2010 2025,trend scenario,development scenario,ghg emissions,compared trend,commitments gabon,petroleum industry,national parks,forest code,000 ggco2,development gabon,emissions 500,gabonese republic,ggco2 2010,orientation sustainable,excluding carbon,flaring reduction,climate plan,storage biomass,sustainable development
GEO,forest district,government georgia,equal reduction,georgia plans,gdp approximately,intensity unit,pre 2020,2013 2030,2020 mitigation,reduction emission,climate change,assist natural,emissions georgia,sfm practices,support georgia,emission intensity,unit gdp,country commits,ghg emissions,natural regeneration
GHA,policy actions,emission reduction,reduction goal,programme actions,ghana indc,indc policy,utilization forest,actions programme,10 year,double energy,improvement 20,wildlife policy,bau emission,energy action,sector projections,total investment,forest wildlife,mass transportation,sustainable energy,000ha annual
GIN,republic guinea,climate change,tonnes co2eq,mining sector,potential commitment,initial national,catchment basins,mining code,prsp iii,environment code,indc commitments,20 years,funding needs,west african,national communication,barriers needs,2013 mining,co2eq 15,guinea ratified,mangrove management
GMB,climate change,ggco2e 2020,greater banjul,ggco2e 2025,banjul area,ggco2e 2030,government gambia,republic gambia,growth employment,climate analytics,technical support,development banks,change gambia,employment page,food preservation,indc team,programme accelerated,sectorial policies,energy efficiency,emission reductions
GNB,guinea bissau,climate change,assessment vulnerability,vulnerability adaptation,prsp ii,terra ranka,financial technological,contributions indc,national plan,technological capacity,master plan,adaptation capacity,benefit analysis,building support,15 26,acquired participants,applicability knowledge,areas 15,bissau absolute,bissau government
GNQ,equatorial guinea,republic equatorial,climate change,continental region,estimated costs,co2 emissions,costs millions,ministry fisheries,pesca medio,medio ambiente,2030 2050,fisheries environment,international standards,meteorological stations,2030 2030,according international,climatic factors,information awareness,2013 por,adoption directives
GRD,grenada currently,climate change,grenada committed,development grenada,grenada grenada,grenada national,grenada plans,process grenada,currently undertaking,sustainable energy,use solar,2011 grenada,change grenada,energy caribbean,grenada emissions,grenada established,grenada greenhouse,grenada indc,grenada land,grenada undertaking
GTM,framework law,climate change,tons equivalent,law climate,equivalent year,reduction vulnerability,million tons,acronym english,indigenous peoples,53 85,state guatemala,1990 2005,ancestral knowledge,change created,85 million,2005 base,national council,risk reduction,agroforestry vocation,barriers require
GUY,contributions guyana,guyana continue,guyana redd,resources guyana,timber industry,redd programme,indigenous peoples,48 mtco2e,guyana prepared,revised intended,unconditional contributions,coastal low,net carbon,forest carbon,implement policies,task force,differentiated responsibility,conditional contributions,renewable power,reference level
HND,republic honduras,climate change,preliminary estimate,change strategy,law national,investment plan,change law,gg co2eq,adaptation climate,affected worldwide,agroforestry law,bay islands,better life,biophysical topographic,carbon resistant,cayos cochinos,change sought,economic importance,estimate series,estimates included
HTI,republic haiti,climate change,contribution haiti,development haiti,2030 protect,25 387,387 billion,conserve existing,haiti contribution,haiti psdh,strategic watersheds,protect conserve,billion usd,31 compared,forest parks,trend development,information education,public finances,risk disaster,watershed management
IDN,cm1 cm2,bau cm1,food water,climate change,water energy,2013 20,50 result,defined min,note quantitative,result model,septic tank,target defined,quantitative target,2030 50,2020 30,climate resilience,government indonesia,java island,enhanced actions,unplanned deforestation
IND,government india,national mission,climate change,india mission,mission clean,states union,union territories,installed capacity,energy efficiency,tree cover,usd billion,forest tree,national missions,billion usd,million tonnes,smart cities,100 gw,adoption manufacturing,bharat mission,clean india
IRN,republic iran,islamic republic,ghgs emission,unjust sanctions,national development,mitigate ghgs,fixed prices,surface runoffs,dust sand,mitigation ghgs,sand storms,ghgs emissions,technological needs,billion dollars,change iran,dollars 2010,hot spots,mitigating ghgs,restrictions sanctions,sanctions imposed
ISL,collective delivery,eu ets,trading scheme,eu emissions,european economic,iceland emissions,economic area,emissions trading,40 iceland,iceland considers,target iceland,member states,climate mitigation,bigger economies,commitments kyoto,credits eu,economy like,emissions credits,emissions iceland,iceland determine
ISR,tco2e capita,10 tco2e,abatement measures,energy 17,target israel,inter ministerial,2030 renewable,light rail,ministerial committee,oecd average,mtco2e 2030,gas emissions,greenhouse gas,analysis carried,national target,natural gas,water scarcity,emissions reduction,non governmental,04 mtco2e
JAM,climate change,kt co2,2030 jamaica,co2 eq,dioxide person,equivalent metric,jamaica national,policy framework,metric tons,tons carbon,strategies action,vision 2030,fisheries forestry,agriculture fisheries,eq 2030,coastal resources,tourism agriculture,forestry water,10 bau,2009 2030
JOR,climate change,jordan 2013,change policy,hashemite kingdom,involved sector,jordan 2025,jordan indc,kingdom jordan,policy jordan,tnc 2014,objectives measures,renewable energy,ghgs reduction,report unfccc,total number,2013 2020,tnc report,time frame,aiming reducing,energy projects
JPN,fy 2005,fy 2013,compared fy,fy 2030,efficiency conservation,energy originated,originated co2,million co2,reduction compared,water heater,emissions fy,japan indc,introduction high,2013 level,corresponding reduction,estimated emissions,energy efficiency,reductions removals,high efficient,level approximately
KAZ,republic kazakhstan,2030 compared,31 december,bau projected,growth kazakhstan,kazakhstan adopted,proposed kazakhstan,unfccc kazakhstan,december 2030,emissions 31,target ambitious,target proposed,reduction ghg,target 15,base year,25 reduction,emissions 2030,path low,gdp growth,based mechanisms
KEN,climate change,kenya indc,national county,extractive sector,adaptation actions,change adaptation,national climate,resilient development,143 mtco2eq,actions kenya,addition kenya,attainment vision,change kenya,county governments,kenya continue,kenya intended,kenya places,kenya seeks,nccap 2013,urbanisation housing
KGZ,kyrgyz republic,domestic efforts,ghg emissions,mln 2005,12 ghg,international support,capita ghg,2005 millions,annual co2,change kyrgyz,cumulative 2005,emissions kyrgyz,losses mln,millions ghg,reduction domestic,resources cumulative,scenario domestic,support scenario,efforts international,climate change
KHM,climate change,change action,2014 2018,implementation climate,action plan,cambodia climate,cambodia developed,cambodia intends,meteorology 2014,resources meteorology,change strategic,cover 60,forest million,action plans,plan agriculture,sectoral climate,2014 2023,implementation processes,2018 developing,financing framework
KIR,climate change,south tarawa,sea level,change disaster,procure install,level rise,outer islands,000 00,design procure,funded activity,government kiribati,high confidence,change sea,disaster risks,storm surges,00 design,grid pv,install grid,management kjip,fully funded
KNA,kitts nevis,st kitts,federation saint,saint kitts,comprehensive plan,policies measures,federation st,nevis committed,nevis national,nevis proposes,retrofitting inefficient,sources mw,support st,absolute ghg,key actors,reduce national,time frame,implementation process,tourism agriculture,national contributions
KOR,korean government,mitigation target,2030 mitigation,gas emissions,mitigation korea,greenhouse gas,continued efforts,climate change,act low,calculate greenhouse,economics institute,energy economics,framework act,indc korea,joint working,korea aims,korea continued,korea energy,korea make,sector korean
KWT,state kuwait,protection law,law 42,dust storms,environment protection,climate change,kuwait considered,2014 amended,42 2014,citizens residents,law 99,electricity water,average temperatures,energy production,negative impacts,environmental challenges,42 year,99 year,circumstances state,contributions state
LAO,lao pdr,climate change,objective related,2020 lao,related activities,support required,main barriers,required capacity,road network,barriers implementation,flows address,forestry strategy,strategy year,renewable energy,year 2020,access finance,law enforcement,climate resilient,anticipated future,assessing base
LBN,climate change,lebanon indc,areas lebanon,government lebanon,heat demand,lebanon aims,lebanon national,priority lebanon,power heat,national water,currently preparation,overarching objective,planting trees,power demand,indc targets,mitigation adaptation,mitigation scenario,national circumstances,2030 generated,absence emergence
LBR,liberia indc,agenda transformation,climate change,mitigation scenario,30 renewable,strengthen institutional,transformation aft,20 energy,palm oil,initial national,renewable generation,vision 2030,waste sector,pilot project,efficiency ee,firewood charcoal,timeframe implementation,hydro power,additionally liberia,cope flooding
LCA,saint lucia,ggco2 eq,government saint,climate change,emissions reductions,mitigation targets,tco2 eq,lucia medium,programme costs,eq 2030,electricity generation,adaptation financing,change phenomenon,policies legislation,demand electricity,generation transportation,investment costs,preindustrial levels,transportation sectors,development strategic
LIE,reduction target,liechtenstein indc,liechtenstein indcs,liechtenstein reduction,domestic emission,reductions abroad,emission reductions,2030 primary,abroad accounted,accounted liechtenstein,based possibility,commitment internationally,commuters liechtenstein,described art,emissions liechtenstein,given domestic,liechtenstein aims,liechtenstein reserves,liechtenstein smallest,overall commitment
LKA,sri lanka,climate change,ndcs sri,implementation ndcs,loss damage,introduce promote,tourism recreation,sector sri,promote develop,identification vulnerabilities,lanka ndcs,change commission,clinical waste,health hazards,sea level,warsaw international,transport sector,adverse effects,livestock sector,power plants
LSO,climate change,change adaptation,energy meteorology,improvement early,government lesotho,warning reduce,ministry energy,mitigation policy,potential reduction,capacity climate,development partner,sector mitigation,change sectoral,areas lesotho,forestry initiative,gef sgp,initiative landscape,kingdom lesotho,program targets,rehabilitation program
MAR,2030 extension,climate change,extension action,program 2020,000 hectares,afolu actions,planting program,2020 2030,scenario afolu,usd billion,2010 2030,morocco ndc,national strategy,fruit trees,hectares year,2020 planting,afolu 93,date palm,development rangelands,expected reductions
MCO,principality monaco,reference year,percentage reference,international transfer,mechanisms international,achieve emissions,reduction units,emissions principality,use mechanisms,quantified commitment,reduction target,commitment period,year emissions,period kyoto,fluorinated gases,1990 co2,adopting target,albert ii,assuming commitment,declaration target
MDA,republic moldova,climate change,change adaptation,million euros,annual change,change compared,inter annual,adaptation measures,compared 1990,tco2 eq,real gdp,public authorities,action risk,cent ghg,eq lulucf,moldova climate,eq capita,mt co2,cent reduction,level indicators
MDG,republic madagascar,climate change,figure comparison,mtco2 2030,emissions absorptions,emission scenario,agriculture integrated,concerned mitigation,forests mangroves,legend sub,receding shorelines,shown legend,comparison bau,drought periods,bau emission,scenario mitigation,cyclones floods,reference scenario,mitigation scenario,sectors concerned
MDV,actions undertakings,climate change,energy balance,2011 energy,contribution maldives,coral reefs,executing agency,insurance mechanism,adverse impacts,impacts climate,low lying,appropriate policies,24 conditional,actions opportunities,challenges maldives,change ibrahim,commercial port,community develop,emissions maldives,enabled availability
MEX,climate change,indc mexico,black carbon,productive systems,strategic infrastructure,number municipalities,change law,rights approach,2014 2018,increase adaptive,special program,period 2020,adaptive capacity,general climate,human rights,lived climate,2020 2030,metric tons,program climate,short lived
MHL,marshall islands,forthcoming second,climate change,change rmi,indc rmi,rmi considers,rmi forthcoming,rmi government,vision 2018,republic marshall,efficiency improvements,2010 levels,cooking lighting,outer islands,external assistance,national energy,ghg emissions,change policy,2010 forthcoming,2030 view
MKD,republic macedonia,co2 emissions,2005 usd,co2 2005,kg co2,policies measures,fuels combustion,bau scenario,mitigation policies,power plants,mitigation scenario,higher ambition,energy supply,ambition mitigation,climate change,target sectors,green jobs,30 36,macedonian indc,supply buildings
MLI,mitigation scenario,kteq co2,climate change,baseline scenario,2007 2014,conditional mitigation,ghg emissions,unconditional mitigation,2015 2030,kt co2,kilo tonnes,emissions agriculture,cost conditional,land use,ktéq co2,mali climate,mali developed,mali national,mali remains,net balance
MMR,climate change,government myanmar,myanmar requires,master plan,union myanmar,mcca programme,priority level,capacity building,identified actions,implementation plan,environmental conservation,energy master,line ministries,government cabinet,level sector,republic union,development environmental,dry zone,union government,risk reduction
MNE,montenegro intended,indc montenegro,montenegro non,montenegro reserves,strategy montenegro,30 emission,decision cp,following decision,technical conditions,19 decision,dangerous climate,regarding emissions,indc developed,annex country,climate change,process indc,sectors included,fairness equity,indc included,land uses
MNG,state policy,green development,million usd,arable farming,animal husbandry,climate change,policies measures,measures listed,pasture management,bare fallow,indc mongolia,mongolia indc,napcc 2011,pasture carrying,state protected,adaptation goals,forest resource,change napcc,power facilities,reduce forest
MOZ,climate change,south centre,million usd,tropical cyclones,change network,weak capacity,ingc 2015,national monitor,thousand million,world bank,evaluate climate,minimum temperature,saltwater intrusion,drought floods,15 cm,380 km2,adequate considering,change elaborated,change mozambique,economics adaptation
MRT,climate change,eq co2,environment sustainable,billion mro,billion mros,mauritania contribution,co2 rni,cumulative emission,republic mauritania,sectoral focal,2020 2030,proposed mitigation,islamic republic,co2 eq,mt co2,compared projected,cost billion,sustainable development,implementation proposed,period 2020
MUS,republic mauritius,climate change,bio farming,kilometres country,mauritius highly,mauritius limited,mauritius require,risk implement,sids mauritius,disease management,implement disaster,disaster risk,rainfall patterns,integrated pest,mass transportation,pest disease,cleaner energy,management improve,adaptation mitigation,marine terrestrial
MWI,government malawi,million tco2e,climate change,external support,expanded programme,support expanded,agronomic practices,assisted regeneration,co2e capita,multipurpose dams,natural assisted,gg co2,approximately million,sensitive diseases,emissions malawi,greenbelt initiative,growing drought,implementation malawi,malawi current,resilient agronomic
MYS,malaysia plan,rm billion,tenth malaysia,emissions intensity,eleventh malaysia,intensity gdp,national biofuel,water supply,plan 2010,policy 2011,2011 national,2014 malaysia,agro food,biofuel industry,decade surface,drained peatlands,food policy,government malaysia,malaysia spent,malaysia taken
NAM,gg co2,co2 eq,climate change,bau scenario,scenario 2030,5000 ha,afolu sector,ghg bau,measure ghg,implementation indc,potential contribution,36 afolu,contribution different,government namibia,republic namibia,2015 prices,indc activities,different measures,technologies mitigation,2030 time
NER,sf slm,afolu sector,000 ha,niger indc,sustainable land,30 801,801 ggco2e,upscaling good,climate change,smart agriculture,land management,animal husbandry,ghg emissions,assisted natural,climate smart,good practices,bau 2020,change niger,management sf,framework sustainable
NGA,climate change,nigeria indc,policies measures,million tonnes,change nigeria,transportation communications,cost effective,gas flaring,nigeria climate,change encourage,reduction measures,crops livestock,energy infrastructure,measures increase,access emergency,backup systems,communications infrastructure,construction placement,develop diversify,diversify secure
NIU,climate change,high confidence,niue national,niue contribution,niue net,donor funding,grid stability,low confidence,new zealand,renewable energy,2020 partial,2020 yes,2025 turn,aspiration meet,build sustainable,costed donor,future meets,goal strengthened,integrity social,map niserm
NOR,collective delivery,delivery eu,land sector,compared 1990,removals land,emission reduction,2030 compared,ambition level,co2 equivalents,eu member,net removals,eu norway,norway commitment,member states,base year,eu ets,sector accounting,40 2030,mt co2,double counting
NPL,climate change,change nepal,government nepal,environment friendly,local governance,climate adaptation,climate vulnerable,nepal implementing,rural renewable,adaptation resilience,change impacts,vulnerable communities,induced disasters,percent total,renewable energy,community based,friendly local,help climate,nepal initiated,nepal prepared
NRU,loss damage,climate change,republic nauru,management improvements,2015 agreement,2009 nauru,adaptation nauru,change nauru,nauru climate,nauru indc,nauru wishes,nsds 2005,nsds goals,phosphate mining,human capacity,2005 2025,changes ocean,ocean acidification,institutional human,island nations
NZL,new zealand,activity start,forestry land,year continue,start year,accounting forestry,accounted business,agreement new,continue accounted,continue apply,established activity,forests established,mechanisms cooperative,usual reference,zealand forestry,kyoto protocol,land use,2013 ipcc,30 2005,cooperative approaches
OMN,building transfer,transfer technology,marine environment,2030 depicted,depicted following,efforts following,following chart,scarcity desertification,sultanate oman,fund capacity,environment agriculture,provided unfccc,fisheries marine,tropical cyclone,coastal erosion,following areas,water scarcity,period 2020,climate impacts,88714 gg
PAK,pak indc,climate change,sub national,national governments,energy crisis,development benefits,ministry climate,potential included,pakistan climate,coming years,reduction potential,future emissions,increase emissions,mt co2,potential mitigation,percent total,ghg emissions,prevailing energy,abatement cost,strategy policy
PAN,ut cuts,cuts sector,republic panama,climate change,scenario 2050,types renewable,2015 2050,lines action,installed capacity,absorption capacity,ndc republic,reforestation restoration,energy plan,reference scenario,change panama,law march,respect reference,unilateral contribution,plan 2015,purchasing power
PER,climate change,sectors systems,indc adaptation,considers protecting,indc proposal,peruvian indc,peruvian state,plan gender,public investment,communities small,climate agreement,conditioned international,formulation process,vulnerable populations,2010 national,bau projections,national ghg,change ministry,proposed indc,social inclusion
PHL,climate change,climate disaster,philippine indc,development targets,loss damages,framework strategy,mitigation options,targets mitigation,change extreme,change natural,national framework,2009 amended,amended 2012,anchor strategy,creating opportunities,damages climate,events require,function adaptation,implementation philippines,need peak
PLW,republic palau,thousand tco2e,palau indc,palau national,sector palau,policies measures,energy efficiency,energy energy,climate change,88 thousand,approximated 88,audit program,availability partnership,change palau,information palau,palau pleased,partnership finance,plus additional,target palau,use growth
PNG,papua new,new guinea,oil gas,draft snc,gas sector,climate change,including draft,mining oil,reports including,redd activities,implement redd,mitigation contribution,forestry emissions,main urban,adequate predictable,emission level,electricity sector,areas png,available addition,concurrent increase
PRK,dpr korea,climate change,electric power,increase damages,power generating,west sea,environment protection,ghg emission,power stations,domestic resources,law environment,measures dpr,responding climate,mitigation climate,legal policy,medium small,emissions mitigation,international support,ghg emissions,conditional contributions
PRY,2014 2030,development plan,national development,equivalent review,ingei projected,projected base,2030 national,climate change,energy matrix,2000 presented,paraguay country,plan paraguay,republic paraguay,review ingei,plan 2014,percent area,contribution assumes,presented second,target 10,avoid emissions
PSE,000 finance,state palestine,000 000,gaza strip,west bank,finance capacity,finance technology,technology capacity,capacity building,major diseases,palestinian government,diseases related,sanitation food,food prices,related water,israeli occupation,themes sectors,water sanitation,condition infrastructure,domestic food
QAT,state qatar,clean energy,climate change,development qatar,energy renewables,qatar national,article paragraph,economic diversification,national vision,particular article,research development,response measures,according qatar,fourth pillar,gas clean,measures qatar,provisions principles,qatar infrastructure,responsibility environment,sense shared
RUS,russian federation,75 1990,levels year,1990 levels,ghg emissions,boreal forests,limitation ghg,2000 level,70 75,emissions 75,unfccc conference,conference parties,ipcc 2013,land use,climate agreement,year 2020,111 2000,13 contains,172 2000,1cp 20
RWA,rwanda intends,action actions,actions description,growth climate,resilience strategy,rwanda establish,adaptation benefits,reduced ghg,programme action,benefits baseline,description goals,description targets,rwanda implement,targets adaptation,green growth,targets mitigation,climate resilience,climate change,2030 rwanda,agro processing
SAU,saudi arabia,kingdom saudi,economic diversification,mitigation benefits,response measures,export revenues,diversification adaptation,kingdom economy,robust contribution,article paragraph,actions plans,contribution oil,oil export,climate change,impacts response,promote encourage,actions promote,implement measures,130 million,accelerate diversification
SDN,sudan indc,sudan nap,climate change,state level,sudan napa,mw grid,sudan intended,snc 2013,line sudan,river nile,napa 2007,intended contributions,vulnerable communities,grid connected,change sudan,connected applicable,development sudan,empower vulnerable,non climatic,order empower
SEN,climate change,2010 methodology,conditional options,socio economic,power stations,2006 gas,commissioning power,options conditional,stations cumulative,unconditional options,000 usd,projects programs,2016 2035,cumulative total,methodology ipcc,gas concerned,2020 2025,total power,concerned co2,economic systems
SGP,singapore emissions,alternative energy,emissions intensity,singapore developed,singapore national,food supply,2010 prices,aim peaking,efforts singapore,emissions aim,growth singapore,resources singapore,stabilise emissions,peaking 2030,climate change,energy options,emissions gdp,natural gas,green building,11 global
SLB,solomon islands,000 00,el nino,islands government,studies completed,climate change,00 diesel,00 feasibility,closure gold,mineral sector,pv hybrid,april 2014,diesel solar,tco2e annually,western pacific,international assistance,high rainfall,community based,100 200kw,200kw 280
SLE,sierra leone,climate change,indc sierra,nccs ap,leone indc,implementation indc,001 001,emissions sierra,leone supports,mining extractive,extractive sector,change response,protection agency,green growth,monitoring reporting,priority climate,reporting verification,greenhouse gas,2030 largest,agency climate
SLV,el salvador,national finances,climate change,reach national,san salvador,necessary means,2025 el,area san,cop 22,change plan,metropolitan area,established accomplishment,finances established,implementation reach,accomplishment goal,2018 2025,period 2018,national contributions,2015 agreement,means implementation
SMR,san marino,republic san,2015 san,keeping global,applicable parties,sources energy,00052 san,10 km2,19 km2,20 2005,20 intended,20 july,2008 environmental,2010 non,2015 commits,21 january,213 mt,259 gwh,28 km2,32 500
SOM,sub component,charcoal production,federal government,project profile,government somalia,civil war,prosopis juliflora,fanoole dam,sfg department,24 000,el nino,component rehabilitation,000 000,economically important,ministry planning,community level,12 000,solar energy,investment demonstration,prior civil
SRB,republic serbia,billion euros,agriculture hydrology,drought 2012,hydrology forestry,lead changes,river discharges,climate change,floods 2014,period 2000,health biodiversity,2000 2015,20th century,forestry human,2013 kp,climate weather,kp supplement,infectious diseases,guidelines 2006,ghg emission
SSD,south sudan,climate change,sudan aims,expected impacts,policies actions,land use,allowable emissions,contingent availability,government south,iii ensure,options ii,reflect expected,republic south,resources developed,sudan developed,sudan encourage,ministry environment,effects climate,developed countries,local communities
STP,sao tome,tome principe,support capacity,capacity building,240 ktco2eq,mw iii,plant connected,requests technologies,stp requests,support technological,climate change,connected main,consideration country,impacts cc,presidential decree,require external,sink greenhouse,availability financial,gacmo model,implement following
SUR,republic suriname,suriname intends,suriname keen,climate change,change suriname,energy suriname,national team,regard suriname,suriname contribution,suriname national,compatible development,high forest,low deforestation,renewable energy,cover low,forest climate,maintain high,avoided deforestation,global fight,climate resilience
SWZ,swaziland indc,swaziland contribution,contribution swaziland,sector swaziland,climate change,swaziland mitigation,share renewable,sf6 gases,connected renewable,robust national,blend petrol,change swaziland,credible baseline,ecological infrastructure,ethanol blend,inventory credible,trajectory comprehensive,pfcs sf6,hfcs pfcs,identified achieve
SYC,climate change,blue economy,water security,critical infrastructure,energy climate,department risk,economy research,republic seychelles,seychelles strategic,environment energy,public electricity,research institute,risk disaster,science technology,technology innovation,energy security,institute science,longer term,management ministry,change adaptation
TCD,000 000,reference scenario,lake chad,climate change,agriculture livestock,conditional objective,billion cfa,cfa francs,green wall,great green,use forestry,isolated elderly,livestock rearers,reduction 18,republic chad,zone sectors,relating climate,chad basin,displaced persons,gwh year
TGO,carbon lean,climate change,land use,baseline year,national programme,development togo,graduate school,settlements buildings,buildings cities,change forestry,54 billion,energy agriculture,national environmental,employment promotion,lean development,mitigation togo,republic togo,resources merf,togo 2010,togo national
THA,plan 2558,climate change,2015 2036,2558 2579,2579 2015,change thailand,sufficiency economy,developing countries,change master,master plan,adaptation efforts,ambitious plans,early actions,adaptive capacity,2036 environmentally,2558 2593,2593 2015,continue explore,effective coordination,importance global
TJK,republic tajikistan,tajikistan respect,gas emissions,indc republic,new substantial,substantial international,greenhouse gas,respect reduction,climate change,climate adaptation,international funding,power industry,funding technology,reduction greenhouse,issues climate,amounts tons,attracting new,biennial inventory,branches economy,discussion indc
TKM,climate change,change turkmenistan,strategy turkmenistan,turkmenistan climate,gas emissions,greenhouse gas,national strategy,growth energy,carbon intensity,energy resources,ghg emissions,amu darya,emissions turkmenistan,level 2000,gdp ppp,times compared,national action,compared 2000,economic development,energy intensity
TLS,timor leste,climate change,decree law,initial national,gg co2e,oil gas,government timor,potential actions,capacity development,national directorate,national communication,ministry finance,efficient cookstoves,directorate statistics,leste 2014,leste initial,offshore oil,republic timor,statistics ministry,ghg emissions
TON,resilient tonga,climate change,inclusive sustainable,current funding,resilience building,aligned resilient,ha apai,tonga climate,electricity generation,change policy,climate financing,high confidence,3rd party,foreshore protection,fully aligned,goal resilient,tonga 2035,tonga energy,tonga indc,tsdf 2015
TTO,trinidad tobago,government trinidad,hoc model,december 31,generation industry,climate change,31 2030,objective unfccc,emissions sectors,ghg emissions,industrial sectors,000 co2e,accounted total,based bios,carbon reduction,economic module,indc trinidad,levels december,lower economic,quantum emissions
TUN,carbon intensity,cent 2030,renewable energies,energy sector,climate change,national effort,cent compared,compared 2010,investment needs,scenario energy,controlled landfills,sectors fields,2015 2030,30 cent,gas emissions,mitigation plan,period 2015,carbon scenario,greenhouse gas,billion dollars
TUR,circumstances turkey,action plan,landfill sites,national strategy,21 percent,capacity production,cp 16,document 2014,republic turkey,systems strategy,turkey aims,turkey energy,turkey use,2023 action,alternative fuel,gw 2030,managed landfill,change action,fuel savings,percent reduction
TUV,actual output,output approx,outer islands,battery storage,government tuvalu,pv arrays,energy efficiency,efficiency programme,renewable energy,approx 60,bank project,tuvalu indc,renewable electricity,electricity generation,diesel generation,national strategic,diesel fuel,climate change,strategic action,2020 tuvalu
TZA,climate change,intended contributions,republic tanzania,united republic,economic costs,adaptation contributions,term resilience,strategy 2014,adaptive capacity,natural gas,change strategy,promoting sustainable,2012 zanzibar,2030 tanzania,60 billion,capacity enhancing,efforts meet,energy exploring,enhanced use,exploring investing
UGA,tons carbon,equivalent year,dioxide equivalent,climate change,states dollars,million tons,mtco2eq yr,year mtco2eq,united states,policies measures,carbon dioxide,uganda contribution,land use,change policy,costed implementation,government uganda,policy costed,uganda intends,dollars billion,mitigation impact
UKR,2020 dated,cabinet ministries,law ukraine,ministries ukraine,ukraine approval,decree cabinet,mt co2eq,ukraine 2020,ukraine ratification,1990 level,ghg emissions,09 2014,16 09,1678 vіі,2012 42,2014 1678,42 1990,approval concept,change dated,co2eq 1990
URY,intensity regarding,additional specific,relative paragraph,beef production,specific means,mitigation objectives,live weight,climate change,forest plantations,nghgi 2012,emissions intensity,n2o emissions,ar2 gwp100,conditional additional,regarding gdp,ch4 emissions,area year,natural grasslands,beef cattle,cattle raising
USA,united states,act united,air act,states intends,clean air,states environmental,inventory united,protection agency,states greenhouse,2025 target,greenhouse gas,states department,emissions sinks,act 42,agency moving,et seq,independence security,policy act,security act,gas emissions
UZB,republic uzbekistan,aral sea,energy saving,program measures,sea disaster,social sphere,saving technologies,climate change,disaster impacts,mitigation aral,irrigated lands,measures actions,president republic,decree president,economy sectors,introduction energy,cabinet ministers,advanced energy,uzbekistan 2030,uzbekistan pp
VCT,st vincent,vincent grenadines,climate change,cccra st,atlas cccra,caribsave climate,risk atlas,2013 2025,existing vulnerabilities,change risk,economy st,grenadines national,environmental management,national economic,social development,plan 2013,assessment published,government school,grenadines 2010,grenadines forthcoming
VEN,biological diversity,climate change,good living,fight climate,barrio adentro,popular power,socionatural technological,people power,technological risks,integral management,national territory,plan economic,sustainable use,development nation,bolivarian republic,communal councils,oriented good,republic venezuela,socio productive,tco eq
VNM,viet nam,climate change,change adaptation,nam indc,ghg emissions,ghg mitigation,respond climate,red river,million tco2e,change response,adaptation measures,favourable conditions,mechanisms policies,mekong delta,pro actively,river delta,responding climate,adaptation component,socio economic,biodiversity conservation
VUT,climate change,risk reduction,disaster risk,change disaster,energy road,integrated climate,government vanuatu,identified prioritised,vanuatu national,vulnerability multi,adaptation priorities,marine resource,ministry climate,sector impact,strategic priorities,sub sector,community based,income countries,scaling renewable,adaptation disaster
WSM,climate change,development samoa,samoa committed,samoa indc,electricity sub,renewable energy,electricity generation,sector samoa,cyclone evan,projects energy,ghg emissions,energy sector,100 renewable,projects aimed,sub sector,energy projects,target set,100 electricity,2012 2016,electricity renewable
YEM,climate change,induced disaster,yemen indc,climate induced,indc document,change yemen,risks scenarios,disaster risks,political security,mitigation measures,14 percent,18 35,24 18,implementation yemen,risk scenarios,sectors yemen,security situation,situation yemen,yemeni people,studies conducted
ZAF,south africa,trajectory range,africa indc,ppd trajectory,carbon budget,peak plateau,plateau decline,high mitigation,climate change,finance investment,bn median,bn year,low mitigation,median value,warning vulnerability,emissions trajectory,carbon budgets,south african,range south,component indc
ZMB,climate change,infrastructure health,zambia indc,domestic efforts,reduced ghg,substantial international,efforts substantial,implementation zambia,reduced vulnerability,international support,resilience reduced,35 billion,usd 35,adaptation strategic,health systems,charcoal production,activities benefits,contribution zambia,csa sfm,energy wildlife
ZWE,climate change,zimbabwe indc,crop livestock,component zimbabwe,president cabinet,zimbabwe vulnerability,environment water,water climate,hydro power,office president,assessment countries,constitution zimbabwe,agricultural sector,power station,adapted crop,resources irrigation,managing climate,related disaster,socio economic,lack financial
